GDAX_id,buy/sell,datetime,fiat_balance,price,product_id,quantity,status
217b04d3-e2ee-4d77-bcc6-4fadde84ac89,ETH-USD,2018-06-13 18:29:27,buy,471.98,0.7599304109576203,pending,3586.7195536377756000
c88b2d10-cfb8-460d-852e-433cd4569dc2,ETH-USD,2018-06-13 18:44:28,buy,473.02,0.6824336398980542,pending,3228.0476034457756000
0e614c76-e7ea-4f9e-bcd7-d90cbf34dedc,ETH-USD,2018-06-13 18:59:28,buy,475.05,0.5436139596353595,pending,2582.4381152477756000
22be76c6-666b-4c6a-80d7-442052b53797,ETH-USD,2018-06-13 19:14:28,buy,476.38,0.48788663085200384,pending,2324.1943320527756000
3257883c-e94b-4cfb-9bc4-8772429302ad,ETH-USD,2018-06-13 19:29:29,buy,474.79,0.3916163979849567,pending,1859.3554959927756000
71a39d7e-e6c3-4f11-aea0-6dafcfe602ed,ETH-USD,2018-06-13 19:44:29,buy,472.79,0.3146184267805528,pending,1487.4844599757756000
fa1a731d-df87-42eb-baea-da7393043a96,ETH-USD,2018-06-13 19:59:36,buy,476.01,0.28124115599247407,pending,1338.7360266397756000
65a5adcf-ef9a-4585-a142-4577de390cf0,ETH-USD,2018-06-13 20:14:40,buy,475.11,0.22541913821699724,pending,1070.9888675827756000
6e71ac9b-6784-4682-bee5-740c19caf3b8,ETH-USD,2018-06-13 20:29:39,buy,477.69,0.20178149100918497,pending,963.8900044017756000
0a35194f-1db5-45f4-a085-cd5e28338531,ETH-USD,2018-06-13 20:44:40,buy,478.97,0.16099380955796305,pending,771.1120496397756000
64add0dc-267c-42b1-9554-4fd02d898e89,ETH-USD,2018-06-13 20:59:40,buy,475.38,0.1297677055117539,pending,616.8897184617756000
fdb31bfc-0f80-4b49-841f-cd315c8ae174,ETH-USD,2018-06-13 21:14:40,buy,474.89,0.1169114424889502,pending,555.2007492357756000
89a92cf8-1dd7-44f5-aa90-010d1cef3ca2,ETH-USD,2018-06-13 21:29:41,buy,474.98,0.3590649144435083,pending,1705.4865306237756000
c0151df8-c5f5-4bde-95ba-4159e397435f,ETH-USD,2018-06-13 21:44:41,buy,471.99,0.2890716450504832,pending,1364.3892574737756000
55ed05f0-cb5c-4027-b9ba-b5fb5d4a2e5e,ETH-USD,2018-06-13 21:59:41,sellUpper,470.81,4.6020197000000000,pending,1091.5114561097756000
3122bfb5-4320-4330-b159-1f2d4b1ea689,ETH-USD,2018-06-13 22:29:44,buy,481.98,0.740507458959,pending,3569.0978506907756000
8f7c4d58-c3bf-492e-9de0-39f47d1878be,ETH-USD,2018-06-13 22:59:44,buy,487.06,0.659505624307,pending,3212.1880937507756000
b70d6d3e-076a-48da-bce9-e1e6719a7975,ETH-USD,2018-06-13 23:14:45,buy,487.36,0.527279730738,pending,2569.7504957247756000
82258527-5604-4657-b85f-edab065fd92e,ETH-USD,2018-06-13 23:29:45,buy,485.76,0.423213194236,pending,2055.8004123227756000
3c52d219-eebd-4354-8ff8-905a0e918b8f,ETH-USD,2018-06-13 23:44:50,buy,484.99,0.339108100967,pending,1644.6403788797756000
ecc8d89f-9af0-4817-be94-3b7a24db5f99,ETH-USD,2018-06-13 23:59:50,buy,485.99,0.30456930008,pending,1480.1763414607756000
974a8027-17e3-4c8d-86ad-78345e6d3fd1,ETH-USD,2018-06-14 00:14:50,buy,486.25,0.243525162937,pending,1184.1411047787756000
3595d83f-9f73-43c3-9d65-f4418cefb235,ETH-USD,2018-06-14 00:29:50,buy,485.47,0.195133152657,pending,947.3129162037756000
d2c9c6a1-c2e5-46ec-a96a-d0c42a2ff13c,ETH-USD,2018-06-14 00:44:51,buy,486.13,0.155894604329,pending,757.8504400237756000
4e9a9ed4-2fa6-4773-942b-2a9b864f0f66,ETH-USD,2018-06-14 00:59:51,buy,485.88,0.124779868537,pending,606.2804252467756000
57127059-abe8-4ce9-ae91-ed5d8f713667,ETH-USD,2018-06-14 01:14:51,buy,484.63,0.100081393341,pending,485.0244565507756000
081c713e-3d46-4ec6-aa29-7fafd9d326d4,ETH-USD,2018-06-14 01:44:51,buy,486.04,0.0718495900308,pending,349.2177473857756000
1bcd72bd-9e3f-46af-bebe-6141b845faee,ETH-USD,2018-06-14 01:59:52,buy,485.43,0.0647459015969,pending,314.2960301217756000
37d512ba-f3cd-4090-90a6-96ad69fb08dc,ETH-USD,2018-06-14 02:14:52,buy,484.98,0.0518447873889,pending,251.4368498787756000
3c53abc6-dbcd-47b7-8c7e-c07e29165e26,ETH-USD,2018-06-14 02:29:52,buy,483.63,0.0415916155459,pending,201.1495302647756000
cf7c2c0e-ae94-4ab3-a53b-2fde0148ba47,ETH-USD,2018-06-14 02:59:53,buy,485.38,0.0298380152808,pending,144.8277585697756000
8422437e-b389-4923-9a28-e9342fd9ef8e,ETH-USD,2018-06-14 03:14:53,buy,482.48,0.0240138965468,pending,115.8622480587756000
33bb691f-b6c5-41ef-8749-33f3fdaa3657,ETH-USD,2018-06-14 03:29:53,buy,481.6,0.0192462342574,pending,92.6898641837756000
9a901b9d-4eb4-4bf4-afaa-fa814cc7f982,ETH-USD,2018-06-14 03:44:53,buy,483.98,0.0153212917599,pending,74.1519878597756000
db9f5a93-8f09-47db-a539-04bb5c269487,ETH-USD,2018-06-14 03:59:53,buy,482.32,0.0138366299311,pending,66.7368334837756000
2ad41ca3-0c37-4d5e-be49-2643eb84e013,ETH-USD,2018-06-14 04:14:54,buy,489.98,0.0136203178668,pending,66.7368334837756000
86c1c5ff-0c73-483f-ab8c-9d52d4d9353e,ETH-USD,2018-06-14 04:29:54,buy,487.58,0.0123186264592,pending,60.0631588897756000
8b2e3568-3b1c-4504-8b9f-53a4bc1f244e,ETH-USD,2018-06-14 04:44:54,buy,485.67,0.0111303675133,pending,54.0568559017756000
22f96c6b-182a-4b45-8ab5-6a107ace0054,ETH-USD,2018-06-14 04:59:54,buy,485.18,0.0100274543676,pending,48.6512031007756000
bfa5aa68-536f-4666-83c0-8b7ac7adb75a,ETH-USD,2018-06-14 08:59:58,sellUpper,484.01,3.3667877000000000,pending,43.7861091687756000
e5738860-ef54-4a79-8fbf-4bd5805530cc,ETH-USD,2018-06-14 09:29:59,sellUpper,474.0,3.3667877000000000,pending,43.7861091687756000
1ff3f78f-21d0-4566-b3ef-1a9804bcd3c8,ETH-USD,2018-06-14 13:00:04,buy,505.48,0.68971398638,pending,3486.3662583527756000
ad59f2ae-eab7-4204-af67-14b4cbb5c2a2,ETH-USD,2018-06-14 13:15:04,buy,514.78,0.54180293124,pending,2789.0931294367756000
bae5d7d5-1f5a-444e-8765-26cd95befdbc,ETH-USD,2018-06-14 13:30:05,buy,518.51,0.430324312062,pending,2231.2745904737756000
c80c7e8d-4834-4fa9-b1fb-b1722fab676b,ETH-USD,2018-06-14 13:45:05,buy,514.23,0.347124779393,pending,1785.0197530707756000
178e0929-78f2-4290-9864-bef679151be5,ETH-USD,2018-06-14 14:00:05,buy,512.49,0.278642680128,pending,1428.0158713857756000
24f93178-b29b-4732-88b6-cf74da6ee021,ETH-USD,2018-06-14 14:15:05,buy,519.58,0.247356388874,pending,1285.2143253117756000
1897cd4e-ccbb-40f8-9202-cba8dcf0cdf7,ETH-USD,2018-06-14 14:30:06,buy,517.98,0.223308417112,pending,1156.6929389577756000
58f6a670-cd93-4691-9838-926010f9c0bb,ETH-USD,2018-06-14 14:45:06,buy,516.09,0.179300976048,pending,925.3544072857756000
90d04ae6-8f8e-46c0-b681-b0981b3581da,ETH-USD,2018-06-14 15:00:06,buy,519.58,0.142477314473,pending,740.2836305397756000
11b0f7fe-a35b-41c4-9333-7d0f63547bfa,ETH-USD,2018-06-14 15:15:06,buy,517.03,0.128862014778,pending,666.2552750057756000
c95d91b4-ff97-46f4-9cfb-fba480787124,ETH-USD,2018-06-14 15:30:07,buy,517.48,0.102999981199,pending,533.0043027077756000
e3b08411-310a-4fce-adb1-0ed9fedf54b7,ETH-USD,2018-06-14 15:45:07,buy,519.27,0.0821159536071,pending,426.4035122957756000
b7fbbd7f-94df-4d4a-8338-c8c16e67aaee,ETH-USD,2018-06-14 16:00:07,buy,521.07,0.0736490661337,pending,383.7631889027756000
8bab7aa6-0405-4d44-baa1-d332ecdf3d0f,ETH-USD,2018-06-14 16:15:07,buy,519.98,0.0590427787164,pending,307.0106407697756000
26826ada-55c1-4522-9285-71613dab95fd,ETH-USD,2018-06-14 16:30:08,buy,521.03,0.0471390441095,pending,245.6085615237756000
6f14fb91-c41d-4f2f-bc4a-96fb9681d0e9,ETH-USD,2018-06-14 16:45:08,buy,524.5,0.0468271804621,pending,245.6085615237756000
5c6a9e77-1b04-42ed-9f8c-97e20e442409,ETH-USD,2018-06-14 17:00:08,buy,520.02,0.0425075473201,pending,221.0477475737756000
79da2734-e58e-4485-b783-ffe1c12dc756,ETH-USD,2018-06-14 17:15:09,buy,518.37,0.0341142919501,pending,176.8382551817756000
b3252bb0-8c8e-4b9e-b637-4537a51c0e68,ETH-USD,2018-06-14 17:30:09,buy,519.97,0.0340093188418,pending,176.8382551817756000
00048d74-831a-43da-84de-d43e64077d07,ETH-USD,2018-06-14 18:00:10,buy,519.29,0.0306484790101,pending,159.1544866517756000
0191024f-6c57-4b52-bf88-6d07a74ca33b,ETH-USD,2018-06-14 18:15:10,buy,519.62,0.03062901479,pending,159.1544866517756000
b4c9e21e-7d4f-400b-8c76-2480ac7c2340,ETH-USD,2018-06-14 18:30:10,buy,518.42,0.0245599409004,pending,127.3236456157756000
548478ba-a762-4d5e-8762-e1c998a9b9b2,ETH-USD,2018-06-14 19:00:11,buy,517.11,0.0196977338844,pending,101.8589516897756000
4e701937-44ba-4ec8-9d31-9a482f29f049,ETH-USD,2018-06-14 19:15:11,buy,515.49,0.0158077221146,pending,81.4872267287756000
290985d9-8c47-47c4-88b5-881d81802a8e,ETH-USD,2018-06-14 19:30:11,buy,515.78,0.0142189529365,pending,73.3385154557756000
a6844d34-6acc-43b2-b8eb-296f49d56d65,ETH-USD,2018-06-14 19:45:11,buy,517.5,0.0127545297031,pending,66.0046912137756000
4fbea240-b788-4247-bbcb-98b269945f24,ETH-USD,2018-06-14 20:00:12,buy,519.78,0.0126985823259,pending,66.0046912137756000
34ba86e6-b90c-4a4b-8965-a6906e334e25,ETH-USD,2018-06-14 20:15:12,buy,519.97,0.011424556202,pending,59.4042648837756000
f224e7a1-a0b2-458e-b199-5faaf2a72c53,ETH-USD,2018-06-14 20:30:12,buy,519.49,0.0102916066948,pending,53.4638676187756000
02388672-b3af-4bd4-b916-3b91fd091ecd,ETH-USD,2018-06-14 22:45:15,buy,511.98,0.301687976434,pending,1544.5821017487756000
cb674bc1-2893-4b09-9f43-f45bdb8a3e25,ETH-USD,2018-06-14 23:00:15,buy,513.01,0.301082259946,pending,1544.5821017487756000
eead439d-7e05-465a-b8c9-f22f2619790c,ETH-USD,2018-06-14 23:15:15,buy,512.77,0.301223180324,pending,1544.5821017487756000
d6af17c0-c96d-4c6d-84e8-091a1bb7ffc4,ETH-USD,2018-06-14 23:30:15,buy,512.98,0.301099867782,pending,1544.5821017487756000
fa9744b2-2a4b-48de-9585-d3bd22283996,ETH-USD,2018-06-14 23:45:15,buy,513.24,0.300947334921,pending,1544.5821017487756000
ea9d28e7-674b-483c-9d95-84f33fb2468f,ETH-USD,2018-06-15 00:00:16,buy,511.69,0.271673065625,pending,1390.1239094967756000
ea702c46-c9fa-4a5e-96d7-9a89e9fd3b0e,ETH-USD,2018-06-15 00:15:16,buy,511.29,0.217508499419,pending,1112.0992066777756000
50048b09-5711-4314-af2b-cc8b6b9631a3,ETH-USD,2018-06-15 00:30:16,buy,511.23,0.2445815295,pending,1250.3741532607756000
146eb0c8-75a4-4e63-b23c-de66d86be6b3,ETH-USD,2018-06-15 00:45:16,buy,511.0,0.24469161512,pending,1250.3741532607756000
f35efdc9-c92f-4f4c-951a-57456ad77d2f,ETH-USD,2018-06-15 01:00:17,buy,502.98,0.24859321509,pending,1250.3741532607756000
d1fe32ac-f585-41cd-9b76-b3d54b0a70af,ETH-USD,2018-06-15 01:15:17,sellUpper,501.32,4.3280035000000000,pending,1250.3741532607756000
76e79140-132a-4088-8cb5-23c34043cf75,ETH-USD,2018-06-15 01:30:17,sellUpper,503.58,4.3280035000000000,pending,1250.3741532607756000
b37b9687-958f-4850-bd07-29d6cd10b083,ETH-USD,2018-06-15 01:45:17,sellUpper,504.74,4.3280035000000000,pending,1250.3741532607756000
121a9848-d962-4600-9f75-daf8209f84bd,ETH-USD,2018-06-15 02:00:18,sellUpper,505.28999999999996,4.3280035000000000,pending,1250.3741532607756000
54d03e17-ded5-4cdf-9176-85ed8e46e1fe,ETH-USD,2018-06-15 02:15:18,sellUpper,505.59,4.3280035000000000,pending,1250.3741532607756000
c30adc04-2532-47ec-8f37-2d4457803f30,ETH-USD,2018-06-15 02:30:18,sellUpper,508.48,4.3280035000000000,pending,1250.3741532607756000
1f277913-a4d1-477f-b6b1-87dfba3854c6,ETH-USD,2018-06-15 02:45:18,buy,507.36,0.246447128915,pending,1250.3741532607756000
05094156-719e-43c3-8782-18fa4836c653,ETH-USD,2018-06-15 03:00:19,sellUpper,508.55,4.3280035000000000,pending,1250.3741532607756000
2bfa80f6-7fc3-4d17-8d44-abcdb95e6704,ETH-USD,2018-06-15 03:15:19,buy,509.69,0.245320518994,pending,1250.3741532607756000
aa0adfdc-9685-48d0-a61b-3f36f532bdf1,ETH-USD,2018-06-15 03:30:19,buy,506.6,0.246816848255,pending,1250.3741532607756000
f133313d-1d6b-44db-a371-5b9215d4a40e,ETH-USD,2018-06-15 03:45:19,sellUpper,504.4,4.3280035000000000,pending,1250.3741532607756000
37168b3c-a2d1-4663-bee9-89dbafb4ec79,ETH-USD,2018-06-15 04:00:20,sellUpper,503.02,4.3280035000000000,pending,1250.3741532607756000
bd1d34d1-34e4-441a-b3d3-c2867519a498,ETH-USD,2018-06-15 07:30:23,buy,495.19,0.692147756181,pending,3427.4464738307756000
7ee03874-5279-43c6-a56e-c263445ebce2,ETH-USD,2018-06-15 07:45:23,sellUpper,494.51,0.6921477000000000,pending,2741.9572810517756000
4e21b3a8-e2fb-4d9a-826b-edd2c0443f2b,ETH-USD,2018-06-17 11:44:42,buy,498.57,0.673079741907611,pending,3355.7736692287756000
1e5b6f88-aa94-454e-8c03-1067e8307fe2,ETH-USD,2018-06-17 11:46:43,sellUpper,498.81,0.4627902100000000,pending,3125.0403542290756000
a98066d1-34bb-451c-a4e1-abf064153f9b,ETH-USD,2018-06-17 11:48:43,buy,498.98,0.672548947629,pending,3355.8847388791756000
3e27ad57-660c-48d4-b88f-185766e66207,ETH-USD,2018-06-17 11:49:44,buy,499.11,0.672373773092,pending,3355.8847388791756000
49a5fa86-b0f3-43a3-b315-424b270399dc,ETH-USD,2018-06-17 11:50:44,buy,501.98,0.668529570676,pending,3355.8847388791756000
b14e6d74-d16c-4a49-bd14-18b487c2b3f5,ETH-USD,2018-06-17 11:51:44,buy,501.98,0.668529570676,pending,3355.8847388791756000
86166518-a29f-4a9f-a536-5c49922c6cdb,ETH-USD,2018-06-17 11:52:03,sell,502.98396,1.3370590000000000,pending,2349.1612890591756000
e6c49cf0-ac51-4a0a-9fff-7eaea8ec75cd,ETH-USD,2018-06-17 11:52:44,buy,500.88,0.401998679728,pending,2013.5309870201756000
ed22561e-5e36-4268-b24b-93b6129ffc67,ETH-USD,2018-06-17 11:58:47,buy,501.27,0.321348744129,pending,1610.8248496961756000
186f7137-c030-4749-a2b6-dab49593b2dd,ETH-USD,2018-06-17 12:00:47,buy,501.66,0.32109892152,pending,1610.8248496961756000
4dd852bf-01fb-4dc6-9ea4-702f980c5609,ETH-USD,2018-06-17 12:01:47,buy,501.77,0.321028528947,pending,1610.8248496961756000
692de65a-02bd-41fb-a7b2-56abcfa108f9,ETH-USD,2018-06-17 12:02:48,buy,501.87,0.288868109122,pending,1449.7423792511756000
a8e60ff1-46da-4af9-81fc-f604bcaf3c8d,ETH-USD,2018-06-17 12:03:48,buy,501.98,0.259924342144,pending,1304.7682126961756000
8f104394-3bd2-44ad-9101-7ae33e4cd0a5,ETH-USD,2018-06-17 12:04:48,buy,501.8,0.108822193195,pending,546.0697654511756000
fa8e13f0-0dc1-4833-87a8-00b97d9fe358,ETH-USD,2018-06-17 12:06:49,buy,501.72,0.0979555998707,pending,491.4628356711756000
7a867678-89d3-4f20-9a7b-4cd798a8c287,ETH-USD,2018-06-17 12:07:49,buy,500.49,0.0256418255008,pending,128.3347724491756000
ac6ffcd8-04ec-420c-b248-1129ab3cfe85,ETH-USD,2018-06-17 12:08:50,buy,500.49,0.0256418255008,pending,128.3347724491756000
2ba106de-53c5-4604-aee6-99e750e55ef8,ETH-USD,2018-06-17 12:09:50,buy,500.49,0.0256418255008,pending,128.3347724491756000
57f9e9d4-fa91-4532-ace4-93712650f79f,ETH-USD,2018-06-17 12:10:50,buy,500.57,0.0256377274805,pending,128.3347724491756000
987169ce-3016-482d-b13b-a9495d7f49f8,ETH-USD,2018-06-17 12:11:50,buy,500.79,0.023063820174,pending,115.5013050491756000
1a313627-2493-4ef4-9074-926e43e6f618,ETH-USD,2018-06-17 12:12:51,buy,500.88,0.0230596759801,pending,115.5013050491756000
cb2d19be-269a-46f9-a9ae-d24dd4f40d01,ETH-USD,2018-06-17 12:13:51,buy,501.17,0.0230463325916,pending,115.5013050491756000
34987e2b-a36e-466d-bc9a-578c5f5284fd,ETH-USD,2018-06-17 12:19:53,buy,500.62,0.0135866554551,pending,68.0175145391756000
3f630564-c549-45e2-a45b-23c24f0ce018,ETH-USD,2018-06-17 12:20:53,buy,500.98,0.0135768921991,pending,68.0175145391756000
e9ce77f4-86fe-4819-aace-c63d0ac3cb75,ETH-USD,2018-06-17 12:21:53,buy,500.98,0.0112713894086,pending,56.4674066591756000
ad754a45-6bed-4c0d-9547-2619d391e275,ETH-USD,2018-06-17 12:22:54,buy,501.04,0.0112700396494,pending,56.4674066591756000
8d7660fd-d3c8-4fd2-ab9b-22765eefeccd,ETH-USD,2018-06-17 12:24:54,buy,501.0,0.0101438494729,pending,50.8206858591756000
93bb7ca3-06a2-4b02-91f7-fe7e2de7fd11,ETH-USD,2018-06-17 12:52:04,sellUpper,500.21999999999997,3.5991730000000000,pending,33.2902409211756000
5c429ae4-54f1-40bc-97ff-4dbc7e802749,ETH-USD,2018-06-17 16:16:47,buy,499.94,0.38096200790512375,pending,1904.5814623208756000
31703fee-9669-44af-9097-e95131e28665,ETH-USD,2018-06-17 16:17:48,buy,499.94,0.38096200790512375,pending,1904.5814623208756000
e5604b5c-5459-48b4-acd2-5cf07528e611,ETH-USD,2018-06-17 16:18:48,buy,499.94,0.38096200790512375,pending,1904.5814623208756000
9b31623e-c9cf-45b6-8aa8-6b20e0ee4f14,ETH-USD,2018-06-17 16:19:49,buy,499.11,0.2671168751339135,pending,1333.2070354808756000
11b2bd07-84d7-477d-b2a3-fc5aadadd567,ETH-USD,2018-06-17 22:41:52,sellUpper,493.42,1.4100028000000000,pending,2638.6133768657756000
4075dd0e-a906-4b55-92eb-8a0fd4475097,ETH-USD,2018-06-18 12:13:50,buy,496.66,0.5438191331677155,pending,2700.9321067907756000
f960ab36-aca4-4176-9c3a-98c74364d581,ETH-USD,2018-06-18 12:16:51,buy,496.73,0.434994008581478,pending,2160.7457388267756000
34415944-37a3-4890-acd7-a11212c42a16,ETH-USD,2018-06-18 12:22:52,buy,496.51,0.3916680770189474,pending,1944.6711692067756000
7f886a62-9ec3-4c80-92e5-8ff9d646f1d1,ETH-USD,2018-06-18 12:28:52,buy,506.68,0.38380657795981205,pending,1944.6711692067756000
356a69db-1b94-4bff-a1e7-7b6a8666345a,ETH-USD,2018-06-18 12:31:53,buy,511.13,0.3804650811352837,pending,1944.6711692067756000
a55898fa-0d2a-4f0b-86fb-b51c9f053b44,ETH-USD,2018-06-18 12:34:53,buy,509.33,0.305447750992829,pending,1400.2051905334756000
65a9399d-38f5-44a3-bf8f-eb09428abafb,ETH-USD,2018-06-18 12:37:53,buy,509.98,0.2440467729500717,pending,1244.5897326907756000
ce4f7155-c5fb-48df-b3d8-f18ac3eb1e03,ETH-USD,2018-06-18 12:43:54,buy,514.49,0.2419074681122618,pending,1244.5897326907756000
10e9f9f2-e511-41ad-a605-e4c644ed8905,ETH-USD,2018-06-18 12:46:54,buy,515.23,0.1932480354879909,pending,995.6718532447756000
48767a3a-ca21-4e61-b2d2-4ab8beef61f6,ETH-USD,2018-06-18 12:49:55,buy,513.86,0.15501062098096285,rejected,796.5375769727756000
fc96fb4e-f26f-416f-9be9-7da0440140aa,ETH-USD,2018-06-18 12:52:55,buy,513.55,0.15510419179686025,pending,796.5375769727756000
a399094c-7ba7-4526-ac9a-ac508b46b741,ETH-USD,2018-06-18 12:55:55,buy,513.12,0.12418735694141246,pending,637.2301659377756000
55ccff1d-d375-4a9b-9a03-d51c8434d989,ETH-USD,2018-06-18 12:58:55,buy,511.83,0.11205032502232688,pending,573.5071785617756000
6ceeeec6-56dd-4f64-9ade-d8c490d6bd85,ETH-USD,2018-06-18 13:01:56,buy,513.86,0.08928614845303694,pending,458.8058024407756000
3bdb0184-6790-4156-9d2f-b2cd5cd3bc05,ETH-USD,2018-06-18 13:04:56,buy,513.62,0.08039508724247023,pending,412.9252470947756000
edf88b5e-3eaf-4119-8525-63dd6c0dd619,ETH-USD,2018-06-18 13:07:56,buy,513.14,0.07242326990582992,pending,371.6327671947756000
fb04bf4c-d104-478f-ba1f-116362c0e7d6,ETH-USD,2018-06-18 13:10:57,buy,515.98,0.07202464576045112,pending,371.6327671947756000
1d859136-26cf-4783-b42c-796b80f5e55e,ETH-USD,2018-06-18 13:16:57,buy,521.22,0.07130055776731047,pending,371.6327671947756000
4707c7ae-c066-4e25-8e8a-bea8fc09e8b6,ETH-USD,2018-06-18 13:19:57,buy,520.79,0.05708755212461369,pending,297.3062627097756000
102c5f7b-9187-4222-8511-507f43087a3e,ETH-USD,2018-06-18 13:22:58,buy,518.72,0.04585231449737345,pending,237.8451257607756000
0770f79c-fca2-4e74-89e9-a0acd34bed2f,ETH-USD,2018-06-18 13:28:58,buy,520.98,0.04565340814633491,pending,237.8451257607756000
1bb9df3d-8800-456c-9576-d70308e22924,ETH-USD,2018-06-18 13:31:59,buy,519.98,0.03659297663521204,pending,190.2761599077756000
e155c2cf-772d-4a62-93dc-36188053a036,ETH-USD,2018-06-18 13:34:59,buy,520.14,0.03658172028834075,pending,190.2761599077756000
0103b891-bb12-4be7-af94-707597c93287,ETH-USD,2018-06-18 13:37:59,buy,520.33,0.03291152815900978,pending,171.2485544697756000
8fe8d21b-f89c-4793-a837-fb45bb892c04,ETH-USD,2018-06-18 13:40:59,buy,518.61,0.015409682622929678,pending,79.9161550507756000
0874277a-9439-4f7b-bb50-820851844a0b,ETH-USD,2018-06-18 13:44:00,sellUpper,518.29,2.9564411000000000,pending,71.9245823947756000
c04fecff-3877-436f-a3a0-2905d61e3dfe,ETH-USD,2018-06-18 13:47:01,sellUpper,517.9,2.9564411000000000,pending,71.9245823947756000
1e264dcf-1d88-4cc5-9194-19426a04fe19,ETH-USD,2018-06-18 14:05:02,buy,518.64,0.592572152394,pending,3073.3162111767756000
9f5db194-9bf8-42c6-b31b-21bbca4a9d71,ETH-USD,2018-06-18 14:08:03,buy,517.98,0.474661768388,pending,2458.6530278967756000
7c768284-3a5c-403e-94ad-296f61dc18e2,ETH-USD,2018-06-18 14:11:03,sellUpper,518.61,0.5925721000000000,pending,2458.6530278967756000
5aeffc92-93de-456d-aa9f-a6e454d0be05,ETH-USD,2018-06-18 14:14:03,buy,517.59,0.534393408813,pending,2765.9668446777756000
3aa3ba40-f5b6-4a77-8676-89d5ca02c1aa,ETH-USD,2018-06-18 14:17:04,sellUpper,517.52,0.5343934000000000,pending,2489.3701647717756000
bd00213f-33ca-492c-a049-2134955358d0,ETH-USD,2018-06-18 14:23:04,buy,518.14,0.658438707499,pending,3411.6343190357756000
33a10c2f-8f7a-4742-9377-ea024809eaae,ETH-USD,2018-06-18 14:26:04,buy,518.83,0.657563039731,pending,3411.6343190357756000
52be30b5-160e-4169-b283-6808296959d7,ETH-USD,2018-06-18 14:29:05,buy,518.66,0.59200071487,pending,3070.4709077457756000
d6b8b644-2575-41bc-8781-a5b4b2076163,ETH-USD,2018-06-18 14:32:05,buy,519.37,0.591191425717,pending,3070.4709077457756000
eeb88484-78e7-447b-a362-57715a0fc99c,ETH-USD,2018-06-18 14:35:05,buy,519.14,0.532308015242,pending,2763.4238303277756000
edb5fc46-7f34-4c7b-821c-2051e04cc4f1,ETH-USD,2018-06-18 14:38:06,buy,519.39,0.51426193464,pending,2671.0250623277756000
094e7cf1-7d12-48c3-be88-dda5735b1463,ETH-USD,2018-06-18 14:41:06,buy,519.45,0.427371067821,pending,2219.9790117947756000
c7526446-db80-4085-846f-0ce6fd954fd2,ETH-USD,2018-06-18 14:44:06,buy,519.14,0.333412693609,pending,1730.8786576037756000
fdc3dc74-69c5-4abf-9c70-731e05b25933,ETH-USD,2018-06-18 14:47:07,buy,519.96,0.256903022302,pending,1335.7929547637756000
3f826424-95c4-4684-a6d4-19324c68b45c,ETH-USD,2018-06-18 14:50:07,buy,519.95,0.25690796322,pending,1335.7929547637756000
e30fe9d2-811f-404a-a333-3fb355798752,ETH-USD,2018-06-18 14:53:07,buy,518.98,0.121081371976,pending,628.3881042827756000
4f57a457-2237-4cc7-bdf9-fcf2d96d6945,ETH-USD,2018-06-18 14:56:08,sellUpper,518.81,3.1586921000000000,pending,565.5493312087756000
2c37da39-1ad5-49ae-bbc0-7bf93a7c9037,ETH-USD,2018-06-18 15:05:09,buy,518.65,0.657393907821,pending,3409.5735029157756000
fe3ba6e4-03ea-4e1f-ac07-9605136fb89b,ETH-USD,2018-06-18 15:08:09,sellUpper,518.41,0.6573939000000000,pending,3068.6161566807756000
2f850059-dd10-46cb-b308-97bd91da9d34,ETH-USD,2018-06-18 15:11:10,sellUpper,518.41,0.6573939000000000,pending,3068.6161566807756000
6532bdc0-f0e2-43ff-b69d-97395ff15263,ETH-USD,2018-06-18 15:14:10,sellUpper,518.34,0.6573939000000000,pending,3068.6161566807756000
bf091294-f4d3-4992-8439-f3580159ef7b,ETH-USD,2018-06-18 15:17:11,sellUpper,518.34,0.6573939000000000,pending,3068.6161566807756000
7e8dd6ad-366c-40d7-9896-26a8513d2a9e,ETH-USD,2018-06-18 15:20:11,sellUpper,517.47,0.6573939000000000,pending,3068.6161566807756000
50aaa7f6-ef9f-41d5-9300-3d0df086789c,ETH-USD,2018-06-18 15:23:11,sellUpper,516.7,0.6573939000000000,pending,2761.7546258607756000
7ba911e7-f150-413c-95ab-06a9f0cd9d9c,ETH-USD,2018-06-18 15:26:12,sellUpper,516.12,0.6573939000000000,pending,2485.5792478307756000
4a7b1a98-8292-46ed-8767-13d678d14698,ETH-USD,2018-06-18 15:29:12,sellUpper,515.5699999999999,0.6573939000000000,pending,2485.5792478307756000
4a01b7c7-4112-4117-86f4-ba79c6bdbcdb,ETH-USD,2018-06-18 15:32:12,sellUpper,515.41,0.6573939000000000,pending,3066.7233649407756000
460cb7f4-d956-4428-bae2-f7aa94b91593,ETH-USD,2018-06-18 15:35:12,sellUpper,514.27,0.6573939000000000,pending,3066.7233649407756000
a2f9bf7b-42b0-4c97-937d-89114b2804f6,ETH-USD,2018-06-18 16:05:16,buy,517.22,0.658288798943,pending,3404.8013258937756000
f2e7fcdf-b252-4818-a9af-ca2678047975,ETH-USD,2018-06-18 16:08:16,buy,517.22,0.658288798943,pending,3404.8013258937756000
c97cfbee-5bf4-43b7-8a60-a775674a1f1f,ETH-USD,2018-06-18 16:11:17,buy,516.66,0.461301651498,pending,2383.3611126307756000
c6c692b7-28a9-42f6-ac65-b3464b497d68,ETH-USD,2018-06-18 16:14:17,buy,515.95,0.369549177997,pending,1906.6889838747756000
ab356383-c0eb-4710-9787-fa50b018c8e8,ETH-USD,2018-06-18 16:17:18,sellUpper,515.26,2.1474281000000000,pending,1716.0201257297756000
ac0414ad-45ae-4b08-b3a0-b1542214c56f,ETH-USD,2018-06-18 16:29:19,buy,516.29,0.658495738252,pending,3399.7476470207756000
d2d36d1d-13b0-49d5-bc1e-28718c64bfae,ETH-USD,2018-06-18 16:32:19,buy,516.57,0.592324932866,pending,3059.7729057047756000
9464980a-fab2-4626-b244-23576b80b305,ETH-USD,2018-06-18 16:35:19,buy,516.98,0.532669662196,pending,2753.7956196197756000
7277892b-ca60-4841-b5ef-5f0b83320320,ETH-USD,2018-06-18 16:38:20,buy,517.09,0.532556347951,pending,2753.7956196197756000
98a70762-1114-4de9-ab6c-5df3e8da66ed,ETH-USD,2018-06-18 16:41:20,buy,517.09,0.47930071928,pending,2478.4160893237756000
667f6fb0-2724-4359-b2a6-b79ced71f3ec,ETH-USD,2018-06-18 16:44:20,buy,517.2,0.43127891221,pending,2230.5745339477756000
16e1cbd2-b23c-472c-b225-68e8db135663,ETH-USD,2018-06-18 16:47:21,buy,517.19,0.388158527208,pending,2007.5170868677756000
08758fa3-a338-4349-a58d-28798542b93c,ETH-USD,2018-06-18 16:50:21,buy,517.58,0.613736034579,pending,3176.5749677747756000
a98f57d4-4d33-4deb-a4dc-926f5e948a4e,ETH-USD,2018-06-18 16:53:22,buy,517.57,0.552373106806,pending,2858.9174888947756000
8fcafa64-6a9a-4e97-8754-273694cd235c,ETH-USD,2018-06-18 16:56:22,buy,517.85,0.496866999227,pending,2573.0257554947756000
562dab76-3c3e-43bd-b025-6bd02ed10e29,ETH-USD,2018-06-18 16:59:23,buy,518.4,0.551490580479,pending,2858.9271692017756000
20ceaf08-3b6c-4fe4-948e-c9842751a3fa,ETH-USD,2018-06-18 17:02:23,buy,518.46,0.496284090191,pending,2573.0344940017756000
c0fd77eb-b125-4924-bd7e-c34350055080,ETH-USD,2018-06-18 17:05:23,buy,518.46,0.446655698259,pending,2315.7311331947756000
351d1812-0908-4691-96f4-25811c64740c,ETH-USD,2018-06-18 17:08:24,buy,518.74,0.401773147922,pending,2084.1580275297756000
2306510f-2685-4980-85ba-7e259c54a6d5,ETH-USD,2018-06-18 17:11:24,buy,518.98,0.361428628632,pending,1875.7422968757756000
c6d57bc1-aadd-4bb3-8f87-6824f40100cb,ETH-USD,2018-06-18 17:14:25,buy,518.24,0.15500572601,pending,803.3016744717756000
be43cbd1-20f9-4eef-8108-fe0a7144d0d7,ETH-USD,2018-06-18 17:17:25,buy,518.16,0.31009404826,pending,1606.7833204657756000
7b2f7228-31cd-487f-970f-7b71ae9e788d,ETH-USD,2018-06-18 17:26:26,buy,518.17,0.310088063853,pending,1606.7833204657756000
a472775f-f26d-44f7-b6ba-6c63ac2837a2,ETH-USD,2018-06-18 17:29:27,buy,518.17,0.310088063853,pending,1606.7833204657756000
931e4683-41e0-4d1e-bde7-2cd70f7bd078,ETH-USD,2018-06-18 17:32:27,buy,518.17,0.310088063853,pending,1606.7833204657756000
ff45f6f6-88a2-4287-a308-0d007f4bfacc,ETH-USD,2018-06-18 17:38:28,sellUpper,517.39,4.3879164000000000,pending,562.3743687867756000
362cdcc6-3211-40b2-bef8-5e10950481a9,ETH-USD,2018-06-18 17:41:29,sellUpper,517.14,4.3879164000000000,pending,562.3743687867756000
27c6c5fd-a694-4256-85d9-679e1a6b289a,ETH-USD,2018-06-18 18:14:33,buy,516.77,0.656682485479,pending,3393.5380802117756000
7c1210f3-083d-410e-bb1d-7ce9f3599145,ETH-USD,2018-06-18 18:53:40,buy,516.96,0.656413746877,pending,3393.3965058537756000
2e4657d1-4dac-4e60-bfc3-bedcb08cbb32,ETH-USD,2018-06-18 18:56:40,buy,516.97,0.656401049549,pending,3393.3965058537756000
1df6e207-82a5-4ca6-b5e8-48f76e921dae,ETH-USD,2018-06-18 18:59:41,buy,516.97,0.656401049549,pending,3393.3965058537756000
f9c86bd2-b348-4114-b9f1-39bd8184efe2,ETH-USD,2018-06-18 19:02:41,buy,516.98,0.656388352713,pending,3393.3965058537756000
7b128aca-75e9-4377-9d88-8cf03c1b82ed,ETH-USD,2018-06-18 19:05:42,buy,516.98,0.656388352713,pending,3393.3965058537756000
0659785e-0134-4028-8f94-bb818bc49346,ETH-USD,2018-06-18 19:08:42,buy,516.58,0.656896609597,pending,3393.3965058537756000
47c6a8cf-f61b-4086-9915-d876f2b74123,ETH-USD,2018-06-18 19:11:43,buy,516.49,0.591309969259,pending,3054.0568602257756000
ebedff45-ed68-4d88-8691-c2af9c09059f,ETH-USD,2018-06-18 19:14:43,sellUpper,516.52,0.6568966000000000,pending,3054.0568602257756000
81266b78-ddf5-483a-ae5c-950351216afb,ETH-USD,2018-06-18 19:17:44,sellUpper,516.52,0.6568966000000000,pending,3054.0568602257756000
933801d1-1db9-4f3a-81c4-87216efa8334,ETH-USD,2018-06-18 19:20:44,sellUpper,516.01,0.6568966000000000,pending,3054.0568602257756000
9431f744-1192-495d-8399-8d9b084842fc,ETH-USD,2018-06-18 19:23:44,sellUpper,515.54,0.6568966000000000,pending,3054.0568602257756000
eb9fcdec-8385-418f-bc88-d54448b8cb59,ETH-USD,2018-06-18 19:26:45,sellUpper,515.54,0.6568966000000000,pending,3054.0568602257756000
a3f9ade4-ea85-4582-a55c-20361c706e92,ETH-USD,2018-06-18 19:29:45,sellUpper,515.54,0.6568966000000000,pending,3054.0568602257756000
ed6bedcb-118c-489f-88b5-e19588571179,ETH-USD,2018-06-18 19:44:48,buy,517.11,0.65609122496,pending,3392.7133333897756000
4d097614-2e45-4a49-a7a0-2d5970207600,ETH-USD,2018-06-18 19:47:48,buy,517.45,0.655660128204,pending,3392.7133333897756000
6c777bc8-c277-4148-bcbf-0bb61e6830b0,ETH-USD,2018-06-18 19:50:48,buy,517.45,0.655660128204,pending,3392.7133333897756000
3825fbc1-4dba-4c09-a12f-c987e3818d35,ETH-USD,2018-06-18 19:53:49,buy,517.45,0.655660128204,pending,3392.7133333897756000
c53eaeb6-1324-46ed-818a-f213e6084378,ETH-USD,2018-06-18 19:56:49,buy,517.45,0.655660128204,pending,3392.7133333897756000
b831c545-1e9a-4aa2-a94d-bd9c2a1b2b61,ETH-USD,2018-06-18 19:59:49,buy,517.45,0.655660128204,pending,3392.7133333897756000
c2cc6467-605b-4e39-9770-9d95856a774e,ETH-USD,2018-06-18 20:02:50,buy,517.45,0.655660128204,pending,3392.7133333897756000
3adbe8b1-4802-42d7-863b-1db25d30e77e,ETH-USD,2018-06-18 20:05:50,buy,517.6,0.655470118507,pending,3392.7133333897756000
d2d1c709-b956-45ac-b3f9-2daf768c6e01,ETH-USD,2018-06-18 20:08:51,buy,517.09,0.524893285673,pending,2714.1706908847756000
7d7d4469-d494-4d50-9007-f65b0cb8238b,ETH-USD,2018-06-18 20:11:52,sellUpper,517.7,1.3111302000000000,pending,2714.1706908847756000
7423a85c-9e53-4fae-a2ae-f3c5e4fc2096,ETH-USD,2018-06-18 20:17:52,buy,517.63,0.569956875738,pending,2950.2677758847756000
adb70f1c-1780-4ef0-a230-7d83e612c04f,ETH-USD,2018-06-18 20:20:52,buy,517.99,0.655020906856,pending,3392.9427954247756000
cce1131c-3aab-4c46-84c9-e97ae7a14eaa,ETH-USD,2018-06-18 20:23:53,buy,518.92,0.65384698902,pending,3392.9427954247756000
c0a16599-74e2-4dba-a6a9-937265d1da1b,ETH-USD,2018-06-18 20:26:53,buy,518.97,0.65378399434,pending,3392.9427954247756000
70304847-945d-4010-befd-d6923070ac96,ETH-USD,2018-06-18 20:29:54,buy,518.98,0.65377139686,pending,3392.9427954247756000
a3f8c644-bf82-4c3c-9b2f-bb2673a0a419,ETH-USD,2018-06-18 20:32:54,buy,518.99,0.653758799866,pending,3392.9427954247756000
a2757598-616e-4207-9f66-c69ba818c0b5,ETH-USD,2018-06-18 20:35:54,buy,518.99,0.653758799866,pending,3392.9427954247756000
d14c5fd6-275f-48d7-b310-5e52fd10c87f,ETH-USD,2018-06-18 20:38:55,buy,518.99,0.392255307206,pending,2035.7658188677756000
2bdfb0cb-d897-4c6e-95a3-e215e3283620,ETH-USD,2018-06-18 20:41:55,buy,518.99,0.392255307206,pending,2035.7658188677756000
a8f678f2-af21-42d3-91b1-dd987406b353,ETH-USD,2018-06-18 20:44:56,buy,518.58,0.236390334614,pending,1225.8729972397756000
0d7a5073-c21a-47ff-94ca-91440758e9ec,ETH-USD,2018-06-18 20:47:56,buy,519.97,0.188606740205,pending,980.6984670457756000
c2f07fc3-5fca-4be3-a902-4c77047f8c5e,ETH-USD,2018-06-18 20:50:57,buy,519.97,0.188606740205,pending,980.6984670457756000
ea59cd69-2982-4fdd-b857-7ea064388527,ETH-USD,2018-06-18 20:53:57,buy,519.97,0.188606740205,pending,980.6984670457756000
2701c66e-74f7-41c9-8b65-1ce81a1e37df,ETH-USD,2018-06-18 20:56:58,buy,519.97,0.150885397245,pending,784.5588000537756000
e2fda28b-7236-4f15-bbd6-f43dfc37e006,ETH-USD,2018-06-18 20:59:58,buy,519.57,0.0641756907719,pending,333.4376365437756000
27072d8b-93cd-49c7-aea5-f30e2373353a,ETH-USD,2018-06-18 21:02:59,buy,519.09,0.05138804891,pending,266.7502230867756000
a666bcf4-eeb6-4847-a571-376a5c49e40b,ETH-USD,2018-06-18 21:05:59,sellUpper,519.12,2.5777885000000000,pending,266.7502230867756000
e378e0c4-e981-4a04-9edd-bfe59c777500,ETH-USD,2018-06-18 21:08:59,sellUpper,519.1,2.5777885000000000,pending,2055.0912120797756000
b9912bec-fa41-461c-a0dd-3c9681ef29c8,ETH-USD,2018-06-18 21:12:01,sellUpper,518.51,2.5777885000000000,pending,2055.0912120797756000
6671af54-8567-4d0f-a672-31cfe3dca81e,ETH-USD,2018-06-18 21:15:01,sellUpper,518.31,2.5777885000000000,pending,2055.0912120797756000
c41ae255-edbb-476b-81cf-73ce5415f2af,ETH-USD,2018-06-18 22:27:40,buy,517.62,0.6551372571196584,pending,3391.1214703027756000
08f1d9f4-8534-45e9-9440-fc075193dfa8,ETH-USD,2018-06-18 22:30:41,buy,517.64,0.5896007558996167,pending,3052.0093528387756000
01b93f07-bed6-46ef-bc0d-2894180155c8,ETH-USD,2018-06-18 22:33:41,buy,517.49,0.5307944977662903,pending,2746.8084464907756000
a565ee69-c4e4-46f7-97ba-435a8900175f,ETH-USD,2018-06-18 22:36:41,buy,517.49,0.5307944977662903,pending,2746.8084464907756000
f3b0a92c-16fc-4b06-864e-5777d88be8b1,ETH-USD,2018-06-18 22:39:42,buy,517.49,0.5307944977662903,pending,2746.8084464907756000
8230ed33-3628-4e8c-ad0a-f08aaef6d1d9,ETH-USD,2018-06-18 22:42:42,buy,517.49,0.5307944977662903,pending,2746.8084464907756000
97f4401a-dc1e-48fe-b466-daeaa5f82472,ETH-USD,2018-06-18 22:45:42,buy,517.49,0.5307944977662903,pending,2746.8084464907756000
1fc8cb36-eafa-4b2d-9ce0-71da54f9c860,ETH-USD,2018-06-18 22:48:43,buy,516.19,0.47891816045153435,pending,2472.1276524347756000
4ee9fee1-260b-40c2-a456-00843fec2e13,ETH-USD,2018-06-18 22:51:43,sellUpper,515.75,2.2544504000000000,pending,2224.9149183957756000
1b899185-1ba6-42bf-af69-4f40dca63adc,ETH-USD,2018-06-18 22:54:43,sellUpper,515.75,2.2544504000000000,pending,2224.9149183957756000
eff01329-b431-4cca-98f8-e2626e09c337,ETH-USD,2018-06-18 22:57:44,sellUpper,515.33,2.2544504000000000,pending,2224.9149183957756000
d7c81af5-8b15-4f4b-b7f9-afb84ec502ea,ETH-USD,2018-06-18 23:00:44,sellUpper,515.75,2.2544504000000000,pending,2224.9149183957756000
5cb3dc1f-1490-466d-af10-fbd75e326828,ETH-USD,2018-06-18 23:03:44,sellUpper,515.81,2.2544504000000000,pending,3387.7799204664756000
a91bfe2f-dbe1-4be3-bb6f-e72641bbfcf4,ETH-USD,2018-06-18 23:09:45,buy,516.52,0.655885526304,pending,3387.7799204664756000
5fbfd543-7795-4049-a2d7-be2d5a94d688,ETH-USD,2018-06-18 23:15:46,sellUpper,516.0699999999999,0.6558914300000000,pending,3049.0019420064756000
b506f628-a5a3-4570-a449-adbd5df038fb,ETH-USD,2018-06-18 23:18:46,sellUpper,515.8199999999999,0.6558914300000000,pending,3049.0019420064756000
7fac6831-af83-4ea8-8184-7b6ebb07e738,ETH-USD,2018-06-18 23:21:47,sellUpper,515.5699999999999,0.6558914300000000,pending,3049.0019420064756000
535d90d7-e2d8-4792-831d-8394662e600c,ETH-USD,2018-06-18 23:24:47,sellUpper,515.5699999999999,0.6558914300000000,pending,3049.0019420064756000
af4147dc-d6eb-4735-9d31-391c99f3382a,ETH-USD,2018-06-19 00:16:12,buy,516.14,0.656248282747,pending,3387.1598865715756000
984b1a49-096e-401a-a335-b7653917fba5,ETH-USD,2018-06-19 00:22:13,buy,516.23,0.590520492924,pending,3048.4439406235756000
bdec3345-09ec-41f3-a2b4-2f1e8bd46c95,ETH-USD,2018-06-19 00:25:13,buy,516.27,0.590474740082,pending,3048.4439406235756000
ce943f07-2c0c-4f9e-8c23-fa93c539bb4a,ETH-USD,2018-06-19 00:31:14,buy,516.52,0.472151162681,pending,2438.7551854795756000
36420d29-98fd-4dcc-a1a3-c8090c55ba19,ETH-USD,2018-06-19 00:34:14,buy,516.53,0.472142021853,pending,2438.7551854795756000
d7f734cc-69e1-46ec-93f6-0f6e7092e18f,ETH-USD,2018-06-19 00:37:14,buy,516.53,0.472142021853,pending,2438.7551854795756000
fc952094-5af1-47a9-929c-8210040cae86,ETH-USD,2018-06-19 00:40:15,buy,516.53,0.472142021853,pending,2438.7551854795756000
aa325494-8ab8-45fa-a19f-7b6b35b882ba,ETH-USD,2018-06-19 00:43:15,buy,516.53,0.472142021853,pending,2438.7551854795756000
cc39cf5d-1732-4321-a0a1-43ac83b91cb1,ETH-USD,2018-06-19 00:46:15,buy,516.53,0.472142021853,pending,2438.7551854795756000
88421b29-9305-4d94-b7d7-acea30e9112f,ETH-USD,2018-06-19 00:49:16,buy,516.53,0.377713637377,pending,1951.0042511425756000
79712d41-b000-4213-a662-83de9a86faf1,ETH-USD,2018-06-19 00:52:16,buy,516.77,0.339784403664,pending,1755.9038628135756000
adcd6bf3-6f02-4030-a1e5-7244eedf71e0,ETH-USD,2018-06-19 00:55:16,buy,516.89,0.405574327153,pending,2096.3731396235756000
cc4bc2eb-5ce1-4522-8049-b4f1503e801c,ETH-USD,2018-06-19 00:58:17,buy,516.9,0.590033338923,pending,3049.8823288930756000
6a2347ef-ea1a-4cab-a9ab-ed542dace90c,ETH-USD,2018-06-19 01:01:17,buy,517.0,0.589270669418,pending,3046.5293608930756000
99f71b3c-fb10-40c1-b4f3-2f53b01640a6,ETH-USD,2018-06-19 01:04:17,buy,516.97,0.530374385495,pending,2741.8764606930756000
c571df18-917a-4da7-8324-031715ab569f,ETH-USD,2018-06-19 01:07:18,buy,516.91,0.365411449048,pending,1888.8483212720756000
931fa56c-627e-46da-ae3e-57814094c245,ETH-USD,2018-06-19 01:10:18,buy,516.9,0.328525876506,pending,1698.1502556584756000
de20ed7b-69d4-486a-a33e-5b6581873083,ETH-USD,2018-06-19 01:13:18,buy,516.44,0.226480416675,pending,1169.6354638744756000
f69bf2f7-6e2f-4296-855b-956e8aa4b574,ETH-USD,2018-06-19 01:16:20,sellUpper,516.3,2.6963107000000000,pending,1052.6719260984756000
92e272f0-c65c-49e0-973c-2aea4b10a210,ETH-USD,2018-06-19 01:19:20,sellUpper,516.1899999999999,2.6963107000000000,pending,1052.6719260984756000
3bf60fb1-12b5-4e0a-9142-3d44f69b1188,ETH-USD,2018-06-19 01:22:20,sellUpper,516.1899999999999,2.6963107000000000,pending,1052.6719260984756000
20f3ab66-bda7-4fb9-b442-10209481ee1e,ETH-USD,2018-06-19 01:25:20,sellUpper,516.1899999999999,2.6963107000000000,pending,1994.3087193669756000
35d603e3-2e33-4275-be20-d3aa3d31cde7,ETH-USD,2018-06-19 01:28:20,sellUpper,516.15,2.6963107000000000,pending,1994.3087193669756000
6e06f472-f754-4171-9324-1fcf34417532,ETH-USD,2018-06-19 01:31:21,sellUpper,516.06,2.6963107000000000,pending,1994.3087193669756000
e3f37034-02a5-4a97-9619-782ddbbf49d5,ETH-USD,2018-06-19 01:37:21,buy,516.82,0.655115285633,pending,3385.7668192089756000
28a824ed-380e-4a5c-b301-66103fc85c88,ETH-USD,2018-06-19 01:40:21,buy,516.82,0.610019556281,pending,3152.7030707694756000
d3c843b3-b6c1-48c3-9693-3cbc26b27e13,ETH-USD,2018-06-19 01:43:21,buy,517.46,0.609265077643,pending,3152.7030707694756000
28e1eac6-c9f6-4b72-bdc1-c3c3768a548c,ETH-USD,2018-06-19 01:46:22,buy,516.78,0.361530171636,pending,1868.3156209804756000
053a0f8a-f815-40bb-86e1-3c168836083a,ETH-USD,2018-06-19 01:49:23,buy,516.67,0.289285722842,pending,1494.6525442054756000
0b62b4f2-7b9f-4448-a522-afa6a32a842c,ETH-USD,2018-06-19 01:52:24,sellUpper,516.91,2.5252155000000000,pending,1313.3809415864756000
e0075fa7-aae8-4b69-9d0f-dcf9c3d316a2,ETH-USD,2018-06-19 01:55:23,buy,516.61,0.506898837748,pending,2618.6900856914756000
eed4eab0-e476-45af-aff7-3206c4d39266,ETH-USD,2018-06-19 02:37:28,buy,516.62,0.654890274873,pending,3383.2941380476756000
8ef93b47-e2f3-4a60-bece-26ff5c10db8e,ETH-USD,2018-06-19 02:40:28,buy,515.62,0.590544347179,pending,3044.9647629236756000
359991e7-dd03-4945-a8a7-0fb5af17eec7,ETH-USD,2018-06-19 02:43:29,sellUpper,515.65,0.6548902000000000,pending,3044.9647629236756000
b1337f4e-e4c5-467c-9f71-359d8424e33b,ETH-USD,2018-06-19 02:46:29,sellUpper,515.65,0.6548902000000000,pending,3044.9647629236756000
20fb4895-72dd-4b69-8582-ba93eb587065,ETH-USD,2018-06-19 02:49:29,sellUpper,515.65,0.6548902000000000,pending,3044.9647629236756000
f3020f86-35fc-4b33-91d8-c1dd80e51ef3,ETH-USD,2018-06-19 02:52:30,sellUpper,515.52,0.6548902000000000,pending,3044.9647629236756000
4df8d702-77b6-40c2-a91e-133ffdca98b2,ETH-USD,2018-06-19 02:55:30,sellUpper,515.52,0.6548902000000000,pending,3044.9647629236756000
371dff13-7216-4bc3-8074-5388e5ac8b97,ETH-USD,2018-06-19 02:58:30,sellUpper,515.52,0.6548902000000000,pending,3044.9647629236756000
14ff6b4d-581b-4ddb-9635-45a30de66f65,ETH-USD,2018-06-19 03:01:31,sellUpper,515.4399999999999,0.6548902000000000,pending,3044.9647629236756000
2ae14c46-16c6-446c-84e8-f101a9d6e39a,ETH-USD,2018-06-19 03:04:31,sellUpper,515.4399999999999,0.6548902000000000,pending,3044.9647629236756000
f53a8dbe-adac-4bb8-a767-d9cef7e1f1db,ETH-USD,2018-06-19 03:07:36,sellUpper,515.4399999999999,0.6548902000000000,pending,3044.9647629236756000
90512108-f11d-4089-988e-ef4426fef5c3,ETH-USD,2018-06-19 03:10:37,sellUpper,515.25,0.6548902000000000,pending,3044.9647629236756000
70d5ed55-a17b-4252-b1fe-37967a53032c,ETH-USD,2018-06-19 03:13:37,sellUpper,515.13,0.6548902000000000,pending,3044.9647629236756000
d7f7e05a-799d-40ed-953f-9a396ac8c321,ETH-USD,2018-06-19 03:19:37,buy,516.1,0.655361044691,pending,3382.3183516496756000
ca59c710-89e9-4af5-b37f-f8faa1e48a13,ETH-USD,2018-06-19 03:22:38,buy,516.08,0.589847802579,pending,3044.0865395496756000
958a244b-e111-4e36-aa0d-42c79fa09769,ETH-USD,2018-06-19 03:25:38,buy,516.08,0.530863022579,pending,2739.6778869256756000
f914088c-c14f-4029-b1b0-ea3e4462a989,ETH-USD,2018-06-19 03:28:38,buy,516.21,0.530729332428,pending,2739.6778869256756000
72df29a8-82e0-40de-9d9a-426cc58c1aa5,ETH-USD,2018-06-19 03:31:39,buy,516.5,0.530431343064,pending,2739.6778869256756000
f1db4a09-f48c-49e1-8c99-ed6b28e6f95c,ETH-USD,2018-06-19 03:34:39,buy,516.17,0.477693418927,pending,2465.7101204756756000
e0add922-a0a5-4ea4-ba46-8e320dfedf8f,ETH-USD,2018-06-19 03:37:39,buy,516.32,0.477554640625,pending,2465.7101204756756000
c780c1af-ea42-41dc-ba14-54323aec593e,ETH-USD,2018-06-19 03:40:40,buy,516.42,0.429715953953,pending,2219.1391294036756000
6e63ae77-3ec6-4bd6-971f-ae6b18f0f4dd,ETH-USD,2018-06-19 03:43:40,buy,516.82,0.343506711113,pending,1775.3113843756756000
afa6db6c-7957-459f-bead-031525e88f83,ETH-USD,2018-06-19 03:46:40,buy,517.48,0.343068598666,pending,1775.3113843756756000
960da587-d8b9-4e81-9f9d-b675f7a051e5,ETH-USD,2018-06-19 03:55:41,buy,518.35,0.308243522137,pending,1597.7802969956756000
1f82c1d8-4add-45d0-8f23-3c8581ad556f,ETH-USD,2018-06-19 03:58:41,buy,518.48,0.308166235341,pending,1597.7802969956756000
8b5b5be5-dff6-415b-9e98-3843c3515051,ETH-USD,2018-06-19 04:01:42,buy,518.98,0.30786933928,pending,1597.7802969956756000
71449cb5-e912-4390-b3c6-1a50036ee14c,ETH-USD,2018-06-19 04:04:42,buy,518.98,0.30786933928,pending,1597.7802969956756000
c7797679-df55-4b84-b319-2120d5e479a2,ETH-USD,2018-06-19 04:07:42,buy,518.98,0.30786933928,pending,1597.7802969956756000
8c2f2ae9-fc11-4fd2-9aad-71d5234fcef9,ETH-USD,2018-06-19 04:10:43,buy,518.98,0.350694855138,pending,1820.0361591956756000
c9bf7d01-457b-4b69-a2da-da5e1cf377c6,ETH-USD,2018-06-19 04:13:43,buy,518.98,0.350694855138,pending,1820.0361591956756000
9de862fa-f58f-4c22-b5ec-70563b026af4,ETH-USD,2018-06-19 04:16:43,buy,518.98,0.350694855138,pending,1820.0361591956756000
fec6ea8d-c721-40e6-8f42-11b798807e3b,ETH-USD,2018-06-19 04:19:43,buy,519.88,0.350087743171,pending,1820.0361591956756000
5b7b5ccc-3e0c-4fb1-83a6-f1a4135482c1,ETH-USD,2018-06-19 04:22:44,buy,519.9,0.350074275668,pending,1820.0361591956756000
cdf71c7f-7385-4be7-80de-d5240329bcd2,ETH-USD,2018-06-19 04:28:44,buy,520.53,0.349650579063,pending,1820.0361591956756000
66554405-cfd0-4b31-96d3-7d2e990e1d3c,ETH-USD,2018-06-19 04:31:45,buy,520.98,0.348109637068,pending,1813.5815871956756000
76d981e6-9790-4069-a1ce-fd30ca6dc34f,ETH-USD,2018-06-19 04:34:45,buy,521.03,0.313268611747,pending,1632.2234477876756000
7124af79-44ba-403c-b6eb-c07efa5e4ecb,ETH-USD,2018-06-19 04:37:45,buy,520.65,0.282147528883,pending,1469.0011091296756000
5127d781-1a20-40d4-a602-430bb475a43b,ETH-USD,2018-06-19 04:40:46,buy,520.73,0.282104182423,pending,1469.0011091296756000
d98442d4-acd2-4bab-af20-a11648908f91,ETH-USD,2018-06-19 04:43:46,buy,520.69,0.253913276832,pending,1322.1010411366756000
721109c5-0936-42cc-80d2-e52ff308866b,ETH-USD,2018-06-19 04:46:46,buy,520.39,0.200424850815,pending,1042.9908811536756000
888f7725-8a90-424a-8575-24d4ca75fa04,ETH-USD,2018-06-19 04:49:47,buy,520.04,0.180503772687,pending,938.6918194816756000
ce088e00-3180-45f4-b515-c8ff45f8c165,ETH-USD,2018-06-19 04:52:48,sellUpper,520.23,4.7183469000000000,pending,938.6918194816756000
6d9a81cd-9ad1-4508-9a82-98b4a7006aad,ETH-USD,2018-06-19 04:55:48,sellUpper,519.55,0.5749327200000000,pending,3094.2201783430756000
986a23f9-183e-4b73-857c-245e02a819ac,ETH-USD,2018-06-19 04:58:48,sellUpper,519.41,0.5749327200000000,pending,3094.2201783430756000
0714f0c5-e04e-4cea-aedf-415985e0ec7b,ETH-USD,2018-06-19 05:01:48,sellUpper,519.41,0.5749327200000000,pending,3094.2201783430756000
5a00e03c-6a06-4320-8642-ac9418eb345c,ETH-USD,2018-06-19 05:04:49,sellUpper,519.41,0.5749327200000000,pending,3094.2201783430756000
51ae171e-6344-4067-be4c-025721d79599,ETH-USD,2018-06-19 05:16:49,buy,520.1,0.65234493029,pending,3392.8459824382756000
d01377cf-6d43-460d-ba1b-548ab43cc4f0,ETH-USD,2018-06-19 05:22:50,buy,520.13,0.587076577,pending,3053.5613999482756000
b0816b17-c387-44f3-bab4-eb83cc90051d,ETH-USD,2018-06-19 05:25:50,buy,520.25,0.528247054301,pending,2748.2053000032756000
1472573b-af60-4721-a874-7fda3e71ff9f,ETH-USD,2018-06-19 05:28:51,buy,520.53,0.475166618303,pending,2473.3847982532756000
5b47c885-c00e-4cdc-9068-df1ad3d6a4b3,ETH-USD,2018-06-19 05:31:51,buy,520.36,0.42778967022,pending,2226.0463279552756000
73e4b52b-3b31-4344-856f-13c7a07d8729,ETH-USD,2018-06-19 05:37:52,buy,521.03,0.341791676805,pending,1780.8371736592756000
f7977782-6eba-4cfd-a37b-a5f1bc1eb415,ETH-USD,2018-06-19 05:40:52,buy,521.71,0.341346183447,pending,1780.8371736592756000
095f2e71-10aa-4ad6-981c-de1e0310c074,ETH-USD,2018-06-19 05:43:52,buy,521.75,0.341320014118,pending,1780.8371736592756000
6591b73a-726d-4f27-bd81-b2c524bd6a08,ETH-USD,2018-06-19 05:46:52,buy,521.75,0.267157831439,pending,1393.8959855312756000
74bd4e41-ff64-4cbc-8e22-18aceed102d8,ETH-USD,2018-06-19 05:49:53,buy,521.75,0.267157831439,pending,1393.8959855312756000
90321fc4-2943-43fa-abe1-74af5a4170a9,ETH-USD,2018-06-19 05:52:53,buy,521.75,0.267157831439,pending,1393.8959855312756000
187c5aad-272b-46b7-a31a-ab0894166d3a,ETH-USD,2018-06-19 05:55:53,buy,521.88,0.267091282581,pending,1393.8959855312756000
7bbaf3aa-9150-4232-bbad-3a18ebc7e63b,ETH-USD,2018-06-19 05:58:53,buy,521.88,0.240382157962,pending,1254.5064059742756000
ebacfaf4-bce2-4f1e-80bf-88acb3bd655f,ETH-USD,2018-06-19 06:01:54,buy,521.98,0.240336105976,pending,1254.5064059742756000
fccc97fc-fab5-435e-a3de-e1169cbf8b55,ETH-USD,2018-06-19 06:04:54,buy,521.98,0.240336105976,pending,1254.5064059742756000
5c271d56-e7a8-454f-a6fa-b749b0ae17b3,ETH-USD,2018-06-19 06:07:54,buy,522.54,0.240078540585,pending,1254.5064059742756000
3e808bb0-be33-4df9-8f45-75b9efa96de0,ETH-USD,2018-06-19 06:10:55,buy,523.6,0.203688525895,pending,1066.5131215842756000
580a47d6-3866-4be2-932b-71b1eadd1b2f,ETH-USD,2018-06-19 06:13:55,buy,523.47,0.183365202014,pending,959.8618229842756000
e802ce32-55b9-4850-b121-6d84df4ac23f,ETH-USD,2018-06-19 06:19:56,buy,524.28,0.183081907184,pending,959.8618229842756000
77f4906a-3279-4706-b2cc-5d645e12b41d,ETH-USD,2018-06-19 06:22:56,buy,526.99,0.182140424483,pending,959.8618229842756000
7527dd92-b172-4fb8-b832-88816fe120f0,ETH-USD,2018-06-19 06:25:56,buy,528.42,0.181647519584,pending,959.8618229842756000
59488b2d-bdf6-48f7-929d-3bb3ca772fb4,ETH-USD,2018-06-19 06:28:56,buy,525.97,0.109496210784,pending,575.9172198602756000
a3703ea4-7641-4054-b2c4-2566062d694b,ETH-USD,2018-06-19 06:31:57,buy,525.15,0.0987004672087,pending,518.3255035462756000
b5848bf4-e290-44e4-bdf9-3d9f056254de,ETH-USD,2018-06-19 06:34:57,buy,524.51,0.0889388168932,pending,466.4929884862756000
76c295b6-7a68-48da-923f-258cc33ad70a,ETH-USD,2018-06-19 06:37:58,sellUpper,525.95,3.6863761000000000,pending,466.4929884862756000
f0a590c9-f3b2-47b0-88c2-59bc942f9537,ETH-USD,2018-06-19 06:40:57,buy,525.63,0.146859077473,pending,771.9353689192756000
2bc6adf0-b4f4-47d0-a9b0-5a248c311f92,ETH-USD,2018-06-19 06:43:58,buy,527.1,0.223846713698,pending,1179.8960279002756000
a63e57c3-0657-48ec-b200-3bb04dfa76a7,ETH-USD,2018-06-19 06:46:58,buy,524.58,0.202429835741,pending,1061.9064323302756000
87b6b9be-f8d2-4b0b-af81-3c590a5500b6,ETH-USD,2018-06-19 06:49:59,sellUpper,525.04,3.6787674600000000,pending,1476.4877185682756000
27cbfbbc-11e2-4887-8b0e-401cf2fcecee,ETH-USD,2018-06-19 06:55:59,buy,525.9,0.648029622698,pending,3407.9877857666756000
d55ff08f-84b4-47c2-b9ca-afacd7d66401,ETH-USD,2018-06-19 06:58:59,buy,526.07,0.58303819247,pending,3067.1890191266756000
5168c969-723a-4843-9ecf-24b89b73a1b4,ETH-USD,2018-06-19 07:02:00,buy,525.83,0.524973882407,pending,2760.4701658596756000
359ad93e-f7e6-4a19-8697-22e25af3f8dd,ETH-USD,2018-06-19 07:05:01,buy,526.76,0.524047035815,pending,2760.4701658596756000
178f2ce9-26d1-4813-a6a8-275be13ca1c2,ETH-USD,2018-06-19 07:08:01,buy,528.34,0.522479873918,pending,2760.4701658596756000
42bac933-84f1-4efd-abe1-4205e9673549,ETH-USD,2018-06-19 07:11:01,buy,529.21,0.521620937975,pending,2760.4701658596756000
363623fc-8190-40c1-a1da-b54ee82bc93a,ETH-USD,2018-06-19 07:14:01,buy,531.98,0.518904877225,pending,2760.4701658596756000
10059297-95d2-4f32-a29d-c084dfc48f7f,ETH-USD,2018-06-19 07:20:02,buy,532.1,0.415030299259,pending,2208.3762223576756000
83cab037-6fa4-4db4-aaaf-f2bd57ebd575,ETH-USD,2018-06-19 07:23:02,buy,533.63,0.372456318599,pending,1987.5386529376756000
9792ca5a-136b-4424-b301-bb1eeea9c119,ETH-USD,2018-06-19 07:26:03,buy,533.54,0.298015329261,pending,1590.0309877366756000
95f2c580-5b52-4353-9b30-8d42c2f49bf7,ETH-USD,2018-06-19 07:29:03,buy,535.98,0.296658641691,pending,1590.0309877366756000
38ffd843-1803-472b-ac79-24f0a02fd646,ETH-USD,2018-06-19 07:32:03,buy,538.58,0.295226519317,pending,1590.0309877366756000
fdaf4a41-107e-4521-b9ab-b8a07c31c03d,ETH-USD,2018-06-19 07:35:03,buy,537.65,0.266163470542,pending,1431.0278993666756000
79119bec-8df2-47c7-9352-f7dbd1773ee2,ETH-USD,2018-06-19 07:38:04,buy,538.98,0.191164834464,pending,1030.3402247936756000
b230d65f-b55c-492e-9a9c-8e43cf1a82ff,ETH-USD,2018-06-19 07:41:04,buy,537.78,0.172432262429,pending,927.3062208896756000
836ac102-978f-4ac4-86e8-e44b87e4d907,ETH-USD,2018-06-19 07:44:04,buy,536.59,0.138251748532,pending,741.8450574496756000
86288532-221d-4800-9624-85be98eba093,ETH-USD,2018-06-19 07:47:05,buy,535.61,0.110803772429,pending,593.4760855066756000
181f4807-7f2a-455f-89fd-f762dd9a18e0,ETH-USD,2018-06-19 07:50:05,buy,534.69,0.0799160105393,pending,427.3029167526756000
abaf0b39-0326-48a4-9207-1079b8927762,ETH-USD,2018-06-19 07:53:06,sellUpper,534.17,3.7914173000000000,pending,384.5726307126756000
4cbdccf2-20a5-4640-8ecf-605893b59e53,ETH-USD,2018-06-19 08:05:07,buy,536.11,0.637141383974,pending,3415.7786736206756000
c6abdbac-a10d-4460-befc-4ca18a2ccbdd,ETH-USD,2018-06-19 08:08:07,buy,538.0,0.634903099186,pending,3415.7786736206756000
1b661384-5447-4992-b392-f5a0103bd776,ETH-USD,2018-06-19 08:11:07,buy,536.95,0.515277182483,pending,2766.7808313406756000
7f89c779-6c43-445e-9aef-51ecfd044992,ETH-USD,2018-06-19 08:14:07,buy,536.95,0.417374532469,pending,2241.0925520936756000
58b1d3f2-d12b-4f54-86ea-37a70e51b8bb,ETH-USD,2018-06-19 08:17:08,buy,536.95,0.375637082469,pending,2016.9833143186756000
5312d790-252e-4a99-ba2d-5288eef5fd6e,ETH-USD,2018-06-19 08:20:09,buy,537.97,0.37492486836,pending,2016.9833143186756000
d1a869d6-2903-45e9-9ffe-de8ee55e62a8,ETH-USD,2018-06-19 08:23:08,buy,537.05,0.262897020427,pending,1411.8884482026756000
eedf3136-c13b-42aa-a0f2-4368566e3932,ETH-USD,2018-06-19 08:26:09,buy,537.0,0.415233332293,pending,2229.8029944126756000
761d849d-33b7-454b-aeef-4b192cda5bc9,ETH-USD,2018-06-19 08:29:09,buy,537.48,0.414862505472,pending,2229.8029944126756000
bf89db88-400e-48fa-9fba-ef9865637b5c,ETH-USD,2018-06-19 08:32:09,buy,537.48,0.414862505472,pending,2229.8029944126756000
51bd70c5-7b05-485b-a1e4-118345d74e33,ETH-USD,2018-06-19 08:35:10,buy,537.48,0.373376266994,pending,2006.8227598386756000
abd8477e-6758-4591-986a-bae87871b630,ETH-USD,2018-06-19 08:38:10,buy,538.44,0.414186680046,pending,2230.1467600386756000
98707280-cb8e-4b46-9114-e2b91ad92de9,ETH-USD,2018-06-19 08:41:10,buy,538.67,0.372608856714,pending,2007.1321284586756000
09ce3d5c-ffb3-48bd-8dbc-0d832e406996,ETH-USD,2018-06-19 08:44:11,buy,537.9,0.335751241195,pending,1806.0059263896756000
8c091f43-b2b5-4426-b970-3d7a653f1ad0,ETH-USD,2018-06-19 08:47:11,buy,538.25,0.335532917118,pending,1806.0059263896756000
02c410df-ffa1-46dc-b2fc-9ba337750f0b,ETH-USD,2018-06-19 08:50:11,buy,538.74,0.335227739984,pending,1806.0059263896756000
5f212470-12e3-4bfd-898e-6b2583758744,ETH-USD,2018-06-19 08:53:12,buy,538.84,0.33516552713,pending,1806.0059263896756000
fa84f636-9ca6-40e3-87dc-f54671b494c5,ETH-USD,2018-06-19 08:56:12,buy,538.98,0.335078467919,pending,1806.0059263896756000
66abcae5-28b3-42c4-81c4-df6f96f5f01b,ETH-USD,2018-06-19 08:59:12,buy,541.32,0.333630001919,pending,1806.0059263896756000
209a8344-f09c-4624-bd0d-01385674e9f1,ETH-USD,2018-06-19 09:02:13,buy,541.37,0.266879357402,pending,1444.8047771656756000
9148fb18-e4e2-48ff-b7ec-bbb024195cd6,ETH-USD,2018-06-19 09:05:13,buy,540.66,0.213783877961,pending,1155.8439145846756000
c9cfcb78-edb0-48c5-94bc-bc6e418b5200,ETH-USD,2018-06-19 09:08:13,buy,541.17,0.192224174525,pending,1040.2595652766756000
ab8d5d2d-2e43-4f5e-88be-1c03b03e8bc0,ETH-USD,2018-06-19 09:11:14,buy,543.58,0.172234743263,pending,936.2336174266756000
d3783a55-0a65-4ad1-89fe-5f8d4eb03504,ETH-USD,2018-06-19 09:14:14,buy,544.67,0.154701066217,pending,842.6102973626756000
839f7276-4ea3-4dda-b72b-238d5f86c9e9,ETH-USD,2018-06-19 09:17:14,buy,543.08,0.0961981209607,pending,522.4327553132756000
dc8fdc93-d89c-4fcb-98bb-afd6d14b7401,ETH-USD,2018-06-19 09:20:15,buy,540.5,0.0782900533924,pending,423.1577385856756000
181872b0-f6a3-45ec-a81f-4e21c39489e3,ETH-USD,2018-06-19 09:23:15,sellUpper,540.52,4.3078887000000000,pending,380.8419935856756000
21530f09-db9a-4586-ba6d-ad1962af3344,ETH-USD,2018-06-19 09:26:16,sellUpper,538.46,4.3078887000000000,pending,342.7578121776756000
76e79c16-18a3-401b-896f-7aa74e77658c,ETH-USD,2018-06-19 09:29:16,sellUpper,537.93,4.3078887000000000,pending,342.7578121776756000
2fa3b7e0-71ba-4ea5-a0cf-1da986728cbe,ETH-USD,2018-06-19 10:54:52,buy,534.04,0.6356104203768773,pending,3394.4138889806756000
b1c48647-9bef-4ac2-b820-7bc359e1814c,ETH-USD,2018-06-19 10:59:52,buy,534.26,0.6218840119006993,pending,3322.4775219806756000
1e7e8977-e7fd-4cf2-967b-a026a6a9d213,ETH-USD,2018-06-19 11:27:26,buy,534.98,0.28011724946776995,pending,1498.5712612026756000
57f45669-5ef0-4b3f-952a-73ce443893f2,ETH-USD,2018-06-19 11:29:56,buy,536.98,0.27907394338758906,pending,1498.5712612026756000
aad7973a-69b5-4bde-861f-2e6d9ffcb9c5,ETH-USD,2018-06-19 11:32:26,buy,537.87,0.631821262508241,pending,3398.3770246530756000
16b449d8-43ff-480e-96d6-d64407d6fd29,ETH-USD,2018-06-19 11:34:57,buy,537.5,0.5690305778249443,pending,3058.5393558090756000
98017a50-f237-465f-a235-3eaafef23db3,ETH-USD,2018-06-19 11:37:27,buy,536.99,0.5126139149814849,pending,2752.6854620590756000
fae39d76-9ca5-46ad-89c0-a42b32f35d4b,ETH-USD,2018-06-19 11:39:57,buy,536.84,0.4335667649720728,pending,2327.5598210760756000
e54b60c7-d773-422d-9618-7da3e4d4c927,ETH-USD,2018-06-19 11:42:28,buy,536.85,0.2819570130645572,pending,1513.6862246370756000
7c1d81ab-8f84-45ad-8f57-f07fda60043a,ETH-USD,2018-06-19 11:44:58,buy,536.85,0.25376044581336976,pending,1362.3129533490756000
b21780dd-8d54-49c4-a206-6281e685f99a,ETH-USD,2018-06-19 11:47:29,buy,536.69,0.11834741871364765,pending,635.1587614942756000
3d3be101-4863-4466-99ef-c8bb30318728,ETH-USD,2018-06-19 11:49:59,buy,536.12,0.10662485223738634,pending,571.6371578150756000
39a44ed5-12c9-4224-a9da-218633c7c28e,ETH-USD,2018-06-19 11:52:30,sellUpper,536.02,3.1867958000000000,pending,457.3097829020756000
2d812b2e-fc84-4db0-925a-05e374179266,ETH-USD,2018-06-19 11:55:00,sellUpper,535.46,3.1867958000000000,pending,457.3097829020756000
e62abd5c-9ec8-4243-8180-7362883499f5,ETH-USD,2018-06-19 11:57:30,sellUpper,535.46,3.1867958000000000,pending,457.3097829020756000
1b38069c-a2cd-413d-b87b-f14600012fe8,ETH-USD,2018-06-19 12:00:01,sellUpper,535.46,3.1867958000000000,pending,457.3097829020756000
c33c8792-3c43-4119-994a-145491283d13,ETH-USD,2018-06-19 12:02:31,sellUpper,535.46,3.1867958000000000,pending,1680.0067346570756000
f744ab7e-ad6a-4eb4-b0a8-42749666de42,ETH-USD,2018-06-19 12:05:02,sellUpper,532.52,3.1867958000000000,pending,1680.0067346570756000
7f001e38-13a6-4c83-8224-e5a706f16aed,ETH-USD,2018-06-19 12:07:33,sellUpper,532.3199999999999,3.1867958000000000,pending,1680.0067346570756000
2fbb3310-7f8b-49bd-a240-484befeb6861,ETH-USD,2018-06-19 12:10:03,sellUpper,531.04,3.1867958000000000,pending,1680.0067346570756000
6c08b5c6-566f-4637-bed0-e45f3355666f,ETH-USD,2018-06-19 12:12:33,sellUpper,530.02,3.1867958000000000,pending,1680.0067346570756000
8ea248ca-344a-4f13-9879-8d9ccc539345,ETH-USD,2018-06-19 13:03:55,buy,531.98,0.6333080650725734,pending,3369.0722445730756000
f8e1f1a3-2cc0-4d38-82df-47cb398d6973,ETH-USD,2018-06-19 13:06:26,buy,531.98,0.6333080650725734,pending,3369.0722445730756000
7e87f842-e3d8-4179-9854-c4d648a793d3,ETH-USD,2018-06-19 13:08:56,buy,533.11,0.6319656814865743,pending,3369.0722445730756000
cb69b807-398e-4359-aeac-ed2af09ec927,ETH-USD,2018-06-19 13:11:27,buy,532.69,0.5692175681084825,pending,3032.1650635570756000
6f28029a-c1e4-4ad1-8cc9-fb802f97cb5c,ETH-USD,2018-06-19 13:13:57,buy,532.69,0.5122958181084825,pending,2728.9485934820756000
c8f7cee3-b8cd-4184-93de-e14b0a2b11ea,ETH-USD,2018-06-19 13:16:28,buy,532.98,0.512017072588479,pending,2728.9485934820756000
1bda7cc1-9206-4bea-8585-0ea493196696,ETH-USD,2018-06-19 13:18:58,buy,533.21,0.5117962141524118,pending,2728.9485934820756000
c6052bd7-4341-4d8d-acc2-b77db1e0d457,ETH-USD,2018-06-19 13:21:28,buy,533.2,0.4606252328732325,pending,2456.0537416800756000
faaeed95-7d35-4a55-a2cb-428ea391a9b3,ETH-USD,2018-06-19 13:23:59,buy,533.2,0.20415369473444778,pending,1088.5475003240756000
278a0fa0-8ef6-462f-bf7e-c71914d28cef,ETH-USD,2018-06-19 13:26:29,buy,532.71,0.07791732882507849,pending,415.0734023840756000
c828724c-7d53-4879-9ad7-cf00ff4b32f2,ETH-USD,2018-06-19 13:29:00,buy,532.55,0.0701466674492678,pending,373.5660775010756000
b6dc7e1a-3b5b-4f18-9d55-385e45e6d31f,ETH-USD,2018-06-19 13:31:30,sellUpper,532.14,3.0378390000000000,pending,667.2690446510756000
9ab60849-303b-48be-9464-ff1bce4c5f94,ETH-USD,2018-06-19 13:34:01,sellUpper,532.0699999999999,3.0378390000000000,pending,667.2690446510756000
73fa885a-5509-4490-a0ba-b4c5e97b8021,ETH-USD,2018-06-19 13:36:31,sellUpper,531.49,3.0378390000000000,pending,667.2690446510756000
29617bb3-c868-432f-b4f1-50bf6eec8e78,ETH-USD,2018-06-19 13:39:01,sellUpper,531.46,3.0378390000000000,pending,667.2690446510756000
72fc71da-6f5e-41fa-abeb-817f3cf65673,ETH-USD,2018-06-19 13:41:32,sellUpper,531.47,1.9009791900000000,pending,1271.4645592736756000
eb7ec874-12ce-4b12-8232-5dca4199ea02,ETH-USD,2018-06-19 13:59:04,buy,531.87,0.631334683633,pending,3357.8797818399756000
4868b819-c7ca-49f4-a58f-aaad6ea0e185,ETH-USD,2018-06-19 14:01:35,sellUpper,531.73,0.6313346000000000,pending,3022.0918481379756000
a5112b7d-0e0a-4c8b-9e07-a4abc847d9a0,ETH-USD,2018-06-19 18:27:18,buy,533.46,0.6288212163286612,pending,3354.5096606268756000
